{
  "project_info": {
    "project_number": "633858010529",
    "firebase_url": "https://saporiitaliano-8a7ef.firebaseio.com",
    "project_id": "saporiitaliano-8a7ef",
    "storage_bucket": "saporiitaliano-8a7ef.appspot.com"
  },
  "client": [
    {
      "client_info": {
        "mobilesdk_app_id": "1:633858010529:android:7a14d9f47c1cb00210afe0",
        "android_client_info": {
          "package_name": "com.example.finlalproject"
        }
      },
      "oauth_client": [
        {
          "client_id": "633858010529-6ttriaqa0eie02gr1pm222tipte1qnpj.apps.googleusercontent.com",
          "client_type": 3
        }
      ],
      "api_key": [
        {
          "current_key": "AIzaSyB10X8EOAXL-A7R-qH8S0RZF5Ir6_mAVRE"
        }
      ],
      "services": {
        "appinvite_service": {
          "other_platform_oauth_client": [
            {
              "client_id": "633858010529-6ttriaqa0eie02gr1pm222tipte1qnpj.apps.googleusercontent.com",
              "client_type": 3
            }
          ]
        }
      }
    }
  ],
  "configuration_version": "1"
}